,MSE,R2 Score
Linear Regression,1.6337511291829094,0.2822175317005503
Decision Tree,1.6354065520964334,0.28149022781458877
Random Forest,1.613517149911256,0.2911072550652044
